-- phpMyAdmin SQL Dump
-- version 5.2.1
-- https://www.phpmyadmin.net/
--
-- Hôte : 127.0.0.1:3306
-- Généré le : dim. 02 juin 2024 à 10:53
-- Version du serveur : 8.3.0
-- Version de PHP : 8.2.18

SET SQL_MODE = "NO_AUTO_VALUE_ON_ZERO";
START TRANSACTION;
SET time_zone = "+00:00";


/*!40101 SET @OLD_CHARACTER_SET_CLIENT=@@CHARACTER_SET_CLIENT */;
/*!40101 SET @OLD_CHARACTER_SET_RESULTS=@@CHARACTER_SET_RESULTS */;
/*!40101 SET @OLD_COLLATION_CONNECTION=@@COLLATION_CONNECTION */;
/*!40101 SET NAMES utf8mb4 */;

--
-- Base de données : `bdd personnel`
--

-- --------------------------------------------------------

--
-- Structure de la table `absence`
--

DROP TABLE IF EXISTS `absence`;
CREATE TABLE IF NOT EXISTS `absence` (
  `idpersonnel` int NOT NULL,
  `datedebut` datetime NOT NULL,
  `datefin` datetime NOT NULL,
  `idmotif` int NOT NULL,
  PRIMARY KEY (`datedebut`),
  KEY `idmotif` (`idmotif`)
) ENGINE=MyISAM AUTO_INCREMENT=15 DEFAULT CHARSET=utf8mb4 COLLATE=utf8mb4_0900_ai_ci;

--
-- Déchargement des données de la table `absence`
--

INSERT INTO `absence` (`idpersonnel`, `datedebut`, `datefin`, `idmotif`) VALUES
(14, '2025-01-01 12:00:01', '2026-01-01 12:00:01', 1),
(2, '2020-01-12 13:00:00', '2020-01-14 13:00:00', 3),
(16, '2024-06-02 13:00:00', '2024-06-04 10:00:00', 2);

-- --------------------------------------------------------

--
-- Structure de la table `motif`
--

DROP TABLE IF EXISTS `motif`;
CREATE TABLE IF NOT EXISTS `motif` (
  `idmotif` int NOT NULL AUTO_INCREMENT,
  `libelle` varchar(128) DEFAULT NULL,
  PRIMARY KEY (`idmotif`)
) ENGINE=MyISAM AUTO_INCREMENT=5 DEFAULT CHARSET=utf8mb4 COLLATE=utf8mb4_0900_ai_ci;

--
-- Déchargement des données de la table `motif`
--

INSERT INTO `motif` (`idmotif`, `libelle`) VALUES
(1, 'vacances'),
(2, 'maladie'),
(3, 'motif familial'),
(4, 'congé parental');

-- --------------------------------------------------------

--
-- Structure de la table `personnel`
--

DROP TABLE IF EXISTS `personnel`;
CREATE TABLE IF NOT EXISTS `personnel` (
  `idpersonnel` int NOT NULL AUTO_INCREMENT,
  `nom` varchar(50) DEFAULT NULL,
  `prenom` varchar(50) DEFAULT NULL,
  `tel` varchar(15) DEFAULT NULL,
  `mail` varchar(128) DEFAULT NULL,
  `idservice` int NOT NULL,
  PRIMARY KEY (`idpersonnel`),
  KEY `idservice` (`idservice`)
) ENGINE=MyISAM AUTO_INCREMENT=17 DEFAULT CHARSET=utf8mb4 COLLATE=utf8mb4_0900_ai_ci;

--
-- Déchargement des données de la table `personnel`
--

INSERT INTO `personnel` (`idpersonnel`, `nom`, `prenom`, `tel`, `mail`, `idservice`) VALUES
(1, 'N\'Diaye', 'Calvin', '14524566', 'calvin@hey.com1', 3),
(3, 'Roger', 'Federer', '12551575', 'roger@hey.com', 2),
(4, 'Super', 'Adeline', '14524566', 'adeline@hey.com', 1),
(5, 'Duprée', 'Ben', '123456789', 'francis@hey.com', 1),
(6, 'Smith', 'Neo', '14524566', 'neo@hey.com', 2),
(7, 'Skywalker', 'luke', '14524566', 'luke@hey.com', 2),
(12, 'Le Grand', 'Alex', '15485628', 'alex@hey.com1', 3),
(16, 'Delarue', 'Isabelle', '123456789', 'isabelle@hey.com', 1),
(14, 'Riche', 'Jean-Luc', '123456789', 'Jean@Hey.com', 1),
(15, 'Isabelle', 'Marie', '1234567789', 'marie@hey.com', 3);

-- --------------------------------------------------------

--
-- Structure de la table `responsable`
--

DROP TABLE IF EXISTS `responsable`;
CREATE TABLE IF NOT EXISTS `responsable` (
  `login` varchar(64) NOT NULL,
  `pwd` varchar(64) NOT NULL
) ENGINE=MyISAM DEFAULT CHARSET=utf8mb4 COLLATE=utf8mb4_0900_ai_ci;

--
-- Déchargement des données de la table `responsable`
--

INSERT INTO `responsable` (`login`, `pwd`) VALUES
('responsable', 'responsable');

-- --------------------------------------------------------

--
-- Structure de la table `service`
--

DROP TABLE IF EXISTS `service`;
CREATE TABLE IF NOT EXISTS `service` (
  `idservice` int NOT NULL AUTO_INCREMENT,
  `nom` varchar(50) DEFAULT NULL,
  PRIMARY KEY (`idservice`)
) ENGINE=MyISAM AUTO_INCREMENT=4 DEFAULT CHARSET=utf8mb4 COLLATE=utf8mb4_0900_ai_ci;

--
-- Déchargement des données de la table `service`
--

INSERT INTO `service` (`idservice`, `nom`) VALUES
(1, 'administratif'),
(2, 'médiation culturelle'),
(3, 'prêt');
COMMIT;

/*!40101 SET CHARACTER_SET_CLIENT=@OLD_CHARACTER_SET_CLIENT */;
/*!40101 SET CHARACTER_SET_RESULTS=@OLD_CHARACTER_SET_RESULTS */;
/*!40101 SET COLLATION_CONNECTION=@OLD_COLLATION_CONNECTION */;
